Date,Open,High,Low,Close,range,sma_2,sma_5,sma_7,sma_10,sma_20,MACD,MACD_signal,rsi_14,atr_14,upper_bb,lower_bb,Seasonal First Difference
2005-07-01,106.04755434782606,116.65434782608696,95.3975,105.69673913043476,21.256847826086958,106.20633879781421,107.7572111111111,108.78907704654897,110.33330857142857,115.07967272727274,4.613486642295135,5.831341251233925,55.970894850358995,22.268563074352546,175.88878791256292,54.27055754198253,1.6492307692307686
2005-08-01,13.0,14.0,11.25,12.46,2.75,106.20633879781421,107.7572111111111,108.78907704654897,110.33330857142857,115.07967272727274,0.0,0.0,55.970894850358995,22.268563074352546,175.88878791256292,54.27055754198253,1.6492307692307686
2005-09-01,12.58,14.88,12.55,13.42,2.33,12.940000000000001,107.7572111111111,108.78907704654897,110.33330857142857,115.07967272727274,0.07658119658119666,0.015316239316239334,55.970894850358995,22.268563074352546,175.88878791256292,54.27055754198253,1.6492307692307686
2005-10-01,13.48,14.87,12.27,13.3,2.5999999999999996,13.36,107.7572111111111,108.78907704654897,110.33330857142857,115.07967272727274,0.1261353398105527,0.037480059415102004,55.970894850358995,22.268563074352546,175.88878791256292,54.27055754198253,1.6492307692307686
2005-11-01,13.2,14.47,12.4,12.99,2.0700000000000003,13.145,107.7572111111111,108.78907704654897,110.33330857142857,115.07967272727274,0.13879302650237868,0.05774265283255734,55.970894850358995,22.268563074352546,175.88878791256292,54.27055754198253,1.6492307692307686
2005-12-01,13.35,13.88,12.88,13.41,1.0,13.2,13.116,108.78907704654897,110.33330857142857,115.07967272727274,0.18063260409281057,0.08232064308460799,55.970894850358995,22.268563074352546,175.88878791256292,54.27055754198253,1.6492307692307686
2006-01-01,13.49,14.44,13.0,13.71,1.4399999999999995,13.56,13.366,108.78907704654897,110.33330857142857,115.07967272727274,0.235286032642664,0.1129137209962192,55.970894850358995,22.268563074352546,175.88878791256292,54.27055754198253,1.6492307692307686
2006-02-01,13.68,17.16,13.58,15.33,3.58,14.52,13.748,13.517142857142858,110.33330857142857,115.07967272727274,0.4046551173168478,0.17126200026034494,55.970894850358995,22.268563074352546,175.88878791256292,54.27055754198253,1.6492307692307686
2006-03-01,15.5,16.97,15.4,16.12,1.5699999999999985,15.725000000000001,14.312000000000001,14.040000000000001,110.33330857142857,115.07967272727274,0.5957601823200775,0.25616163667229147,55.970894850358995,22.268563074352546,175.88878791256292,54.27055754198253,1.6492307692307686
2006-04-01,16.2,20.95,16.02,20.08,4.93,18.1,15.73,14.991428571428571,110.33330857142857,115.07967272727274,1.0545945189200996,0.4158482131218531,55.970894850358995,22.268563074352546,175.88878791256292,54.27055754198253,1.6492307692307686
2006-05-01,20.56,20.8,18.02,19.49,2.780000000000001,19.784999999999997,16.946,15.875714285714285,15.031,115.07967272727274,1.3549964120520812,0.6036778529078988,55.970894850358995,22.268563074352546,175.88878791256292,54.27055754198253,1.6492307692307686
2006-06-01,19.8,21.8,15.8,18.03,6.0,18.759999999999998,17.81,16.595714285714287,15.588,115.07967272727274,1.4584452296107315,0.7746313282484654,55.970894850358995,22.268563074352546,175.88878791256292,54.27055754198253,1.6492307692307686
2006-07-01,18.2,18.4,13.4,15.62,4.999999999999998,16.825,17.868,16.91142857142857,15.808000000000002,115.07967272727274,1.3306237022893228,0.8858298030566369,55.970894850358995,22.268563074352546,175.88878791256292,54.27055754198253,1.6492307692307686
2006-08-01,16.0,17.2,13.82,16.16,3.379999999999999,15.89,17.875999999999998,17.26142857142857,16.094,115.07967272727274,1.2583917512279452,0.9603421926908986,44.838205877425125,22.268563074352546,175.88878791256292,54.27055754198253,1.6492307692307686
2006-09-01,15.9,18.6,15.7,17.84,2.900000000000002,17.0,17.427999999999997,17.619999999999997,16.579,115.07967272727274,1.3214762140576042,1.0325689969642398,56.79888007676488,3.0235714285714286,175.88878791256292,54.27055754198253,1.6492307692307686
2006-10-01,18.0,18.88,16.8,18.46,2.0799999999999983,18.15,17.222,17.954285714285714,17.083999999999996,115.07967272727274,1.4053004944619474,1.1071152964637814,59.21817041819435,2.9757142857142855,175.88878791256292,54.27055754198253,1.6492307692307686
2006-11-01,18.78,24.2,18.5,22.78,5.699999999999999,20.62,18.172,18.34,17.991,115.07967272727274,1.7995753523917113,1.2456073076493674,73.8892570577814,3.2164285714285716,175.88878791256292,54.27055754198253,10.32
2006-12-01,22.8,28.47,21.4,25.32,7.07,24.05,20.112000000000002,19.172857142857143,18.990000000000002,115.07967272727274,2.2905932570102827,1.4546044975215504,79.30195072760634,3.5357142857142856,175.88878791256292,54.27055754198253,11.9
2007-01-01,25.4,29.66,24.4,26.97,5.260000000000002,26.145,22.274,20.45,20.075,115.07967272727274,2.780814199295367,1.7198464378763139,81.98632765404021,3.7635714285714283,175.88878791256292,54.27055754198253,13.669999999999998
2007-02-01,27.4,34.16,27.0,30.16,7.159999999999997,28.564999999999998,24.738,22.527142857142856,21.083000000000002,115.07967272727274,3.3876731802959874,2.0534117863602486,85.73818430620486,4.203571428571428,175.88878791256292,54.27055754198253,17.17
2007-03-01,30.2,32.6,26.8,28.63,5.800000000000001,29.395,26.772,24.30857142857143,21.997,18.514,3.702475251674869,2.3832244794231725,75.42698454606156,4.515,29.53836039438403,7.489639605615972,15.219999999999999
2007-04-01,29.3,31.58,23.31,28.14,8.27,28.384999999999998,27.844,25.78,23.008,19.298000000000002,3.867833281938381,2.6801462399262146,68.41278037860874,4.8500000000000005,30.73215308809994,7.863846911900065,14.43
2007-05-01,27.0,31.99,26.2,30.31,5.789999999999999,29.225,28.842000000000002,27.472857142857144,24.476999999999997,20.142500000000002,4.126414835199672,2.9693999589809064,75.81700590511878,5.15142857142857,32.22523213265418,8.059767867345826,14.979999999999999
2007-06-01,30.66,36.14,29.11,33.51,7.030000000000001,31.909999999999997,30.15,29.005714285714284,26.212,21.153,4.5372532050174925,3.282970608188224,80.38496408429276,5.301428571428572,34.170494463423566,8.135505536576433,17.389999999999997
2007-07-01,33.89,36.38,30.4,35.98,5.980000000000004,34.74499999999999,31.314,30.52857142857143,28.026,22.3025,5.004465566498492,3.627269599850278,83.08802434092857,5.53,36.30768982753405,8.29731017246595,15.899999999999999
2007-08-01,35.98,41.04,35.02,37.93,6.019999999999996,36.955,33.174,32.09428571428571,29.973000000000003,23.5285,5.46903974638818,3.9956236291578584,85.2728709144841,5.531428571428571,38.51460623210713,8.542393767892875,18.44
2007-09-01,37.5,39.0,30.2,36.99,8.8,37.46,34.944,33.07,31.394,24.6925,5.695711371699037,4.335641177666094,82.07315656899554,5.8028571428571425,40.078633025347344,9.306366974652653,18.96
2007-10-01,37.4,41.75,35.3,41.36,6.450000000000003,39.175,37.154,34.88857142857143,32.998,25.994,6.156998697834908,4.699912681699857,86.58352225713682,6.022142857142858,42.414483228994335,9.573516771005664,25.740000000000002
2007-11-01,41.8,47.3,33.6,43.48,13.699999999999996,42.42,39.147999999999996,37.08,34.649,27.362000000000002,6.617357728877714,5.083401691135428,88.0547055711748,6.793571428571428,44.84335319343684,9.880646806563163,27.319999999999997
2007-12-01,44.4,50.98,40.02,46.18,10.959999999999994,44.83,41.188,39.347142857142856,36.251,28.666999999999994,7.118011012698972,5.490323555448137,89.46675267698748,7.4278571428571425,47.68841850928219,9.645581490717799,28.34
2008-01-01,46.4,54.0,45.0,49.81,9.0,47.995000000000005,43.564,41.675714285714285,38.369,30.183000000000003,7.718716451445548,5.9360021346476195,91.64887699902826,7.663571428571428,50.88368506367032,9.482314936329686,31.35
2008-02-01,49.99,55.56,30.24,50.54,25.320000000000004,50.175,46.274,43.75571428571429,40.609,31.8085,8.159625653296054,6.380726838377306,91.95889654458188,8.967142857142857,53.569543197710715,10.047456802289283,27.759999999999998
2008-03-01,50.88,53.97,44.4,49.42,9.57,49.980000000000004,47.886,45.39714285714285,42.519999999999996,33.49849999999999,8.322735419380685,6.769128554577982,82.57019413247224,9.275,55.215845262788406,11.781154737211583,24.1
2008-04-01,48.9,48.9,24.11,33.75,24.79,41.585,45.94,44.93428571428571,42.544,34.378,7.105653493442652,6.836433542350917,37.15332497756887,10.534285714285714,54.505352010320905,14.250647989679099,6.780000000000001
2008-05-01,33.9,35.8,28.51,34.06,7.289999999999996,33.905,43.516,43.89142857142857,42.352,35.189,6.095852514506099,6.688317336781953,37.571762112717636,10.640714285714283,53.757310185848766,16.62068981415123,3.900000000000002
2008-06-01,34.3,36.88,30.03,31.13,6.850000000000001,32.595,39.78,42.127142857142864,41.672,35.822500000000005,5.001497302923262,6.350953330010215,32.6085127849784,10.539285714285715,52.782544531967375,18.86245546803264,2.5
2008-07-01,31.22,32.22,22.62,22.85,9.599999999999998,26.990000000000002,34.242000000000004,38.794285714285714,40.257999999999996,35.826,3.426586555353545,5.766079975078882,23.251002488231222,10.81142857142857,52.77473682608826,18.87726317391174,-5.289999999999999
2008-08-01,22.85,30.5,20.4,25.45,10.100000000000001,24.15,29.448,35.31428571428572,38.667,35.832499999999996,2.3610401114700963,5.085072002357125,30.408800530125717,11.030714285714284,52.76436329784299,18.900636702157005,-4.859999999999999
2008-09-01,25.0,28.98,24.62,26.83,4.359999999999999,26.14,28.064,31.927142857142858,37.001999999999995,35.8255,1.6093893065873957,4.38993546320318,35.30860651420426,10.915000000000001,52.772899086274975,18.878100913725017,-6.68
2008-10-01,26.68,29.8,21.7,24.13,8.100000000000001,25.479999999999997,26.077999999999996,28.314285714285713,34.797,35.524,0.786763869068615,3.6693011443762673,31.718003420151035,11.06357142857143,53.09872395530762,17.94927604469238,-11.849999999999998
2008-11-01,24.6,25.0,11.01,13.58,13.99,18.855,22.568,25.43285714285714,31.174,34.7715,-0.7083046517118383,2.7937799851586465,21.046004013635027,11.434285714285712,54.71786838070901,14.825131619291003,-24.35
2008-12-01,14.79,17.8,11.25,12.26,6.550000000000001,12.92,20.45,22.318571428571428,27.346000000000004,33.977500000000006,-1.9768819297966722,1.8396476021675827,19.323673575470593,11.44142857142857,56.17283272417521,11.782167275824808,-24.730000000000004
2009-01-01,12.4,16.56,11.13,15.03,5.429999999999998,13.645,18.366,20.018571428571427,23.907000000000004,33.213499999999996,-2.7272842766745775,0.9262612263991508,26.53492878787408,10.850714285714286,56.939519716314564,9.487480283685429,-26.33
2009-02-01,15.28,18.34,11.48,12.24,6.859999999999999,13.635,15.448000000000002,18.502857142857142,21.755999999999997,32.15,-3.5066902831837616,0.03967092448256826,23.70852021760855,10.557857142857143,57.65982555800804,6.640174441991956,-31.239999999999995
2009-03-01,12.19,12.5,9.9,10.26,2.5999999999999996,11.25,12.674,16.332857142857144,19.376,30.863999999999997,-4.235322450298554,-0.8153277504736562,21.99249689409352,10.100714285714286,58.09592971108499,3.632070288914999,-35.92
2009-04-01,10.0,11.24,8.16,9.98,3.08,10.120000000000001,11.953999999999999,13.925714285714287,17.261,29.466500000000003,-4.780258507721271,-1.6083139019231791,21.973480061838544,8.512142857142857,58.00879900746573,0.9242009925342742,-39.83
2009-05-01,10.04,17.51,9.94,15.45,7.570000000000002,12.715,12.592,12.685714285714285,16.520999999999997,28.389499999999998,-4.716373555471588,-2.229925832632861,38.55623347470528,8.369285714285715,57.35884530444934,-0.5798453044493428,-35.09
2009-06-01,15.94,28.84,14.76,25.12,14.08,20.285,14.61,14.334285714285715,16.488,27.577499999999997,-3.8411773842734434,-2.5521761429609775,56.610867672673535,7.604285714285714,55.919687171850555,-0.7646871718505643,-24.3
2009-07-01,25.6,31.08,23.0,29.68,8.079999999999998,27.4,18.098000000000003,16.822857142857142,16.773,26.8875,-2.7479475933430066,-2.5913304330373834,62.292850932993375,7.660714285714286,54.25473732763993,-0.4797373276399348,-4.07
2009-08-01,29.7,33.16,24.83,31.93,8.329999999999998,30.805,22.432,19.237142857142857,17.553,26.175,-1.6806257047981568,-2.4091894873895385,65.16940465309627,7.7664285714285715,52.13310430188169,0.21689569811831433,-2.1300000000000026
2009-09-01,31.98,35.18,29.0,33.45,6.18,32.69,27.125999999999998,22.267142857142858,19.54,25.357000000000003,-0.7039988610117547,-2.0681513621139818,67.07958540928678,7.522142857142856,49.11716134979771,1.5968386502022938,2.320000000000004
2009-10-01,33.8,41.3,32.0,40.99,9.299999999999997,37.22,32.234,26.657142857142862,22.413,24.8795,0.6706688811116273,-1.5203873134688601,74.86048656047946,7.464999999999999,46.823145981180254,2.9358540188197466,18.14
2009-11-01,41.2,52.34,36.8,47.31,15.540000000000006,44.150000000000006,36.672000000000004,31.990000000000002,25.641,24.774,2.244204361338074,-0.7674689785074734,79.59045419230601,8.263571428571428,46.23586669666139,3.3121333033386158,21.860000000000003
2009-12-01,46.58,54.98,42.84,50.57,12.139999999999993,48.94,40.85,37.00714285714286,29.474,25.615,3.711513306115627,0.12832747841714676,82.12462587257514,8.552142857142858,49.71402858928899,1.5159714107110034,23.740000000000002
2010-01-01,50.98,55.67,48.6,53.41,7.07,51.989999999999995,45.146,41.04857142857143,33.789,26.5825,5.045370589846009,1.1117361007029192,83.55915117822504,8.057857142857141,53.498149820562716,-0.3331498205627206,29.279999999999998
2010-02-01,53.6,57.58,46.42,49.84,11.159999999999997,51.625,48.424,43.92857142857143,37.775,27.518,5.748132044736238,2.039015289509583,73.08727873074704,8.387142857142857,56.33274885503859,-1.296748855038583,36.260000000000005
2010-03-01,49.0,51.48,44.6,47.32,6.8799999999999955,48.58,49.69,46.12714285714286,40.962,28.741499999999995,6.0321972068897125,2.837651672985609,68.65169356009314,8.490714285714285,58.773995576064195,-1.290995576064205,35.06
2010-04-01,47.8,52.06,47.3,50.97,4.760000000000005,49.144999999999996,50.422,48.629999999999995,43.547000000000004,30.017500000000002,6.477180485421471,3.5655574354727815,72.31037124163869,8.340714285714286,61.59022298744765,-1.5552229874476495,35.94
2010-05-01,50.67,59.48,48.8,57.1,10.68,54.035,51.727999999999994,50.93142857142857,46.289,31.531,7.2410029345797255,4.30064653529417,78.25117797883688,8.917857142857143,65.28697562693628,-2.2249756269362777,44.86
2010-06-01,56.94,58.08,50.66,57.57,7.420000000000002,57.335,52.56,52.39714285714285,48.852999999999994,33.202999999999996,7.794413651902239,4.9993999586157845,78.7662089129919,9.227857142857143,68.68407284914474,-2.278072849144742,47.31
2010-07-01,56.7,59.9,52.6,53.83,7.299999999999997,55.7,53.358000000000004,52.86285714285714,50.891000000000005,35.2155,7.840824742090504,5.567684915310728,70.04701275084602,9.208571428571428,70.5759414565203,-0.1449414565203071,43.849999999999994
2010-08-01,53.55,60.94,53.02,58.99,7.919999999999995,56.41,55.69200000000001,53.660000000000004,52.690999999999995,37.552,8.199456510846659,6.094039234417915,75.88527640283885,8.768571428571427,72.70071000103476,2.403289998965228,43.540000000000006
2010-09-01,59.4,68.88,59.01,62.22,9.869999999999997,60.605000000000004,57.94200000000001,55.42857142857143,54.182,39.911500000000004,8.644658534677305,6.6041630944697935,78.40314047443835,8.89642857142857,75.03002429161927,4.792975708380737,37.099999999999994
2010-10-01,62.8,71.74,62.51,70.3,9.229999999999997,66.25999999999999,60.581999999999994,58.71142857142858,56.154999999999994,42.814499999999995,9.539507316485611,7.191231938872957,83.64385959592565,8.960714285714284,77.90064029859414,7.728359701405857,40.62
2010-11-01,70.9,76.0,68.21,71.86,7.790000000000006,71.07999999999998,63.44,61.69571428571428,58.0,45.8945,10.256331777258673,7.804251906550101,84.20976865983998,9.075714285714286,79.74104066129715,12.047959338702846,39.93
2010-12-01,72.2,77.6,58.0,61.21,19.599999999999994,66.535,64.916,62.28285714285715,59.137,48.456,9.85149245988989,8.21370001721806,57.795682810972096,9.81142857142857,78.38585511773188,18.52614488226813,27.759999999999998
2011-01-01,61.8,68.36,55.44,62.54,12.920000000000002,61.87499999999999,65.626,62.99285714285714,60.659000000000006,50.810500000000005,9.52813980428882,8.476587974632212,58.7997322170003,9.624285714285714,76.98047755564872,24.640522444351287,21.549999999999997
2011-02-01,62.98,63.54,49.39,52.59,14.149999999999999,57.565,63.7,62.81571428571429,60.821000000000005,52.184000000000005,8.37248584557814,8.455767548821399,42.44192696248613,9.76785714285714,75.3926938338564,28.975306166143607,5.280000000000001
2011-03-01,53.0,57.69,46.71,51.29,10.979999999999997,51.94,59.898,61.715714285714284,60.239999999999995,53.2645,7.267942307037536,8.218202500464626,40.31224319750901,10.047142857142857,73.93523239860497,32.59376760139504,0.7199999999999989
2011-04-01,51.84,65.2,50.8,61.98,14.400000000000006,56.63499999999999,57.922000000000004,61.68142857142857,60.681000000000004,54.766999999999996,7.1724971722033,8.009061434812361,55.567264783335766,10.278571428571428,73.15020182867185,36.38379817132814,8.57
2011-05-01,62.0,68.26,60.5,61.02,7.760000000000005,61.49999999999999,57.884,60.355714285714285,61.4,56.145500000000006,6.939399164316626,7.795128980713214,54.0274169685074,10.34142857142857,71.71811628290948,40.57288371709054,11.18
2011-06-01,61.26,61.68,54.5,60.07,7.18,60.544999999999995,57.39,58.67142857142858,61.507999999999996,57.0995,6.60190757221946,7.556484699014463,52.00812655476083,10.514285714285714,71.01212580687432,43.186874193125675,12.75
2011-07-01,60.4,63.39,54.8,62.38,8.590000000000003,61.224999999999994,59.348,58.83857142857143,61.524,57.852999999999994,6.446529173029724,7.334493593817516,55.221217345418424,10.365,71.15206700328616,44.553932996713826,11.410000000000004
2011-08-01,63.0,68.0,61.36,62.13,6.640000000000001,62.254999999999995,61.516000000000005,58.78000000000001,60.70700000000001,58.431,6.231386220125735,7.1138721190791605,53.408348394791254,10.309285714285712,71.39799112930092,45.464008870699075,5.030000000000001
2011-09-01,62.9,63.96,50.51,55.61,13.450000000000003,58.86999999999999,60.242,59.21142857142858,59.081999999999994,58.541,5.471700018048537,6.785437698873036,40.54050490264991,10.748571428571429,71.36518915052415,45.71681084947584,-1.9600000000000009
2011-10-01,56.0,60.08,51.2,54.5,8.879999999999995,55.05499999999999,58.938,59.67000000000001,58.41099999999999,58.774,4.725601711372114,6.373470501372852,38.346995014335675,10.817142857142857,71.09190036790704,46.45609963209295,0.6700000000000017
2011-11-01,53.8,64.8,48.1,62.9,16.699999999999996,58.69999999999999,59.504000000000005,59.80142857142857,58.447,59.553,4.7572842151285215,6.050233244123986,55.28328765643232,11.305000000000001,70.73958614027016,48.366413859729825,3.9099999999999966
2011-12-01,62.2,63.7,52.04,54.49,11.660000000000004,58.69499999999999,57.926,58.868571428571435,58.637,59.729,4.05700943356868,5.651588482012926,43.57990783012026,11.478571428571428,70.44799622166182,49.010003778338174,-7.729999999999997
2012-01-01,57.0,59.8,47.4,47.72,12.399999999999999,51.10499999999999,55.044000000000004,57.10428571428571,58.279999999999994,59.260000000000005,2.922070394642091,5.105684864538759,33.67824040295591,11.807857142857143,71.21311366614532,47.30688633385469,-22.58
2012-02-01,47.92,66.5,46.11,65.99,20.39,56.85499999999999,57.11999999999999,57.62,58.681,59.681,3.4570090918404404,4.775949709999095,56.09230946169061,11.864285714285716,71.9718385222062,47.3901614777938,-5.8700000000000045
2012-03-01,65.9,74.8,63.6,69.14,11.199999999999996,67.565,60.048,58.62142857142857,59.492999999999995,60.4465,4.088006543014757,4.638361076602227,58.96169462792676,11.741428571428571,73.10456216980852,47.788437830191484,7.93
2012-04-01,69.0,77.88,66.2,73.46,11.679999999999993,71.29999999999998,62.160000000000004,61.17142857142858,60.831999999999994,61.17,4.880406180908992,4.68677009746358,62.8207952747035,11.565,75.07067624254304,47.26932375745696,10.919999999999995
2012-05-01,73.62,76.1,69.11,70.07,6.989999999999995,71.76499999999999,65.276,63.395714285714284,61.601,61.5625,5.175187593151961,4.7844535966012565,57.82659760521015,11.28,76.02015632167918,47.10484367832081,17.47999999999999
2012-06-01,70.4,70.59,58.85,66.02,11.740000000000002,68.04499999999999,68.93599999999999,63.84142857142857,61.989999999999995,61.3485,5.024088271198131,4.832380531520632,51.947379081816976,11.09,75.38208869209683,47.314911307903174,14.729999999999997
2012-07-01,65.45,70.6,62.14,67.83,8.459999999999994,66.92499999999998,69.304,65.74714285714285,63.21199999999999,61.14699999999999,4.992838508742025,4.864472126964911,54.8269147916915,11.139999999999999,74.65083041175629,47.643169588243694,5.850000000000001
2012-08-01,68.15,73.19,67.57,72.85,5.6200000000000045,70.33999999999999,70.046,69.33714285714287,65.047,61.729000000000006,5.311912472530054,4.95396019607794,60.254010819087114,11.028571428571427,76.21209780762611,47.24590219237391,11.829999999999991
2012-09-01,73.0,74.78,65.27,65.97,9.510000000000005,69.41,68.54799999999999,69.33428571428571,65.354,61.90049999999999,4.952532672392138,4.95367469134078,49.90621678295466,11.094285714285714,76.50475817500175,47.29624182499822,5.899999999999999
2012-10-01,66.2,77.69,64.46,76.44,13.230000000000004,71.20499999999998,69.82199999999999,70.37714285714286,67.54899999999999,63.092999999999996,5.449741858353683,5.05288812474336,61.12658376829921,11.565,78.37540281465824,47.81059718534174,14.059999999999995
2012-11-01,76.4,84.2,75.6,82.29,8.600000000000009,79.365,73.076,71.63857142857142,71.006,64.643,6.2438545612198055,5.291081412038649,66.15751841553491,11.218571428571428,81.12607086871736,48.15992913128264,20.160000000000004
2012-12-01,82.54,89.6,82.22,88.48,7.3799999999999955,85.38499999999999,77.206,74.26857142857143,73.255,65.96799999999999,7.288656769320383,5.690596483494995,70.58701282426897,11.111428571428572,85.52377028856057,46.41222971143941,32.870000000000005
2013-01-01,89.2,95.0,88.01,92.84,6.989999999999995,90.66,81.204,78.10000000000001,75.625,67.559,8.371978650090696,6.226872916814136,73.07847584554443,10.417857142857143,90.33262176776137,44.78537823223863,38.34
2013-02-01,93.2,107.0,93.2,104.41,13.799999999999997,98.625,88.89200000000001,83.32571428571428,78.72,69.776,10.048290908243047,6.991156515099918,79.30706341411516,10.570714285714287,97.56141487903325,41.99058512096674,41.51
2013-03-01,104.41,107.8,93.4,94.5,14.399999999999991,99.45499999999998,92.504,86.41857142857143,81.16300000000001,71.38199999999999,10.45658921980693,7.684243056041321,64.16446352842232,10.713571428571427,101.01885372888577,41.74514627111421,40.01
2013-04-01,94.0,100.15,83.42,85.71,16.730000000000004,90.10499999999999,93.188,89.23857142857143,83.13199999999999,72.561,9.956121068242354,8.138618658481528,54.17938602851623,10.452142857142857,102.52245235746132,42.599547642538695,37.989999999999995
2013-05-01,85.7,101.8,83.43,100.28,18.36999999999999,92.99499999999999,95.548,92.64428571428572,86.377,74.7945,10.612835524216067,8.633462031628437,65.17652819732123,10.964285714285712,106.06667392675583,43.52232607324417,34.290000000000006
2013-06-01,100.99,109.43,97.2,97.49,12.230000000000004,98.88499999999999,96.478,94.8157142857143,88.841,76.94399999999999,10.783847299987897,9.063539085300329,61.113809800321214,11.00357142857143,108.25254626892931,45.63545373107067,28.349999999999994
2013-07-01,99.0,102.94,87.15,92.2,15.789999999999992,94.845,94.03599999999999,95.34714285714287,91.464,78.409,10.372943736276511,9.325420015495567,53.62093228171391,11.632142857142856,109.69261326553206,47.12538673446795,18.74000000000001
2013-08-01,92.4,100.4,57.71,64.76,42.690000000000005,78.47999999999999,88.088,91.33571428571429,90.296,78.9225,7.743854690790073,9.009106950554468,34.044507961317564,13.842857142857142,108.86124157957254,48.98375842042746,-5.309999999999988
2013-09-01,66.0,67.81,43.22,48.65,24.590000000000003,56.705,80.676,83.37,86.93199999999999,78.96900000000001,4.31064982961648,8.069415526366871,26.92481734186785,14.995000000000001,108.70589602603411,49.23210397396591,-17.369999999999997
2013-10-01,49.2,78.94,44.8,57.5,34.14,53.07499999999999,72.12,78.08428571428571,83.83399999999999,78.5445,2.277675652576036,6.911067551608705,34.487326337948446,17.032142857142855,109.28690580593599,47.80209419406401,-10.329999999999998
2013-11-01,58.0,76.44,56.08,73.76,20.36,65.63,67.374,76.37714285714286,81.926,78.7755,1.9560272158340695,5.920059484453778,46.59598260546428,17.807142857142857,109.28894240442932,48.26205759557067,0.9100000000000108
2013-12-01,74.0,77.27,64.65,73.74,12.61999999999999,73.75,63.682,72.58571428571429,78.859,78.7895,1.6801371048158842,5.072075008526199,46.43261767337706,17.763571428571428,109.29292895306594,48.28607104693407,7.769999999999996
2014-01-01,74.4,83.0,71.63,74.02,11.370000000000005,73.88,65.534,69.23285714285714,76.81099999999999,78.987,1.4671732046755324,4.3510946477560655,46.15970010319189,17.96142857142857,109.30329549650787,48.670704503492125,-2.4200000000000017
2014-02-01,74.74,76.35,60.8,61.59,15.549999999999997,67.80499999999999,68.122,64.86,74.399,78.7655,0.2920342720336748,3.5392825726115875,37.385597364645626,18.544999999999998,109.54194586367966,47.98905413632035,-20.700000000000003
2014-03-01,61.54,62.7,58.42,60.95,4.280000000000001,61.269999999999996,68.812,64.3157142857143,70.46600000000001,78.42150000000001,-0.6830407808570698,2.6948179019178564,37.02129207737273,18.351428571428567,109.85929440167695,46.98370559832308,-27.53
2014-04-01,60.52,83.36,60.34,82.7,23.019999999999996,71.82499999999999,70.6,69.17999999999999,68.987,78.914,0.295838203696988,2.2150219622736826,55.73255324033198,19.009999999999998,110.29285201348537,47.53514798651463,-10.14
2014-05-01,83.45,94.98,80.8,88.14,14.180000000000007,85.41999999999999,73.47999999999999,73.55714285714285,68.58099999999999,80.0225,1.4933549214678692,2.07068855411252,58.72454498775397,18.994285714285716,111.04032229622196,49.00467770377803,-16.269999999999996
2014-06-01,88.8,117.6,86.98,113.89,30.61999999999999,101.01499999999999,81.454,79.28999999999999,73.494,81.89500000000001,4.468693034576475,2.550289450205311,70.87549424248117,19.98642857142857,116.33502659085724,47.45497340914278,19.39
2014-07-01,114.8,117.57,101.62,108.38,15.949999999999989,111.13499999999999,90.81199999999998,84.23857142857142,79.46700000000001,83.1995,6.309328957558137,3.3020973516758767,65.20787508880895,19.81357142857143,119.62191384815567,46.77708615184433,22.67
2014-08-01,108.43,114.46,100.44,108.21,14.019999999999996,108.29499999999999,100.264,89.12285714285714,84.538,84.186,7.665960191147093,4.17486991957012,65.00234795654843,19.94142857142857,122.24271911073906,46.129280889260954,7.929999999999993
2014-09-01,107.4,118.69,103.31,114.33,15.379999999999995,111.26999999999998,106.59,96.65714285714284,88.595,85.26050000000001,9.129691668276351,5.165834269311366,68.59953971040551,19.912142857142857,125.49708689878113,45.02391310121888,16.840000000000003
2014-10-01,114.6,126.85,107.18,111.7,19.669999999999987,113.01499999999999,111.30199999999999,103.90714285714286,92.39099999999999,85.625,9.962647194024044,6.125196854253902,65.35597441989846,18.26785714285714,126.71503080528116,44.53496919471884,19.5
2014-11-01,112.1,137.8,109.2,136.83,28.60000000000001,124.26500000000001,115.89000000000001,111.64,98.672,87.7415,12.506385600874538,7.40143460357803,76.3560470789829,18.554285714285715,134.69825604100805,40.78474395899195,72.07000000000001
2014-12-01,137.1,143.91,132.44,142.08,11.469999999999999,139.45500000000004,122.63000000000002,119.3457142857143,106.721,90.56,14.775623548112108,8.876272392484847,77.98057197017282,16.935,143.4016048204444,37.71839517955562,93.43
2015-01-01,142.08,155.0,134.0,154.57,21.0,148.325,131.902,125.15714285714286,116.083,93.2745,17.38148662873286,10.57731523973445,81.63260609117546,16.98071428571428,153.3070327503435,33.241967249656504,97.07
2015-02-01,154.4,179.0,150.47,172.5,28.53,163.535,143.536,134.31714285714287,125.06299999999999,97.025,20.655351018065573,12.592922395400675,85.6204498590683,18.117142857142856,166.75550846312774,27.294491536872272,98.74
2015-03-01,172.5,173.88,156.1,172.55,17.78,172.525,155.70600000000002,143.50857142857143,133.504,101.0425,22.98894447388959,14.672126811098458,85.63039417210443,18.574999999999996,178.43972825854476,23.645271741455247,98.81000000000002
2015-04-01,174.8,182.0,156.8,163.31,25.19999999999999,167.93,161.002,150.50571428571428,138.446,105.97,23.818182144704522,16.501337877819672,72.36149356839974,19.26428571428571,186.1399360897313,25.80006391026872,89.29
2015-05-01,162.8,172.8,154.53,167.96,18.27000000000001,165.635,166.178,158.54285714285717,144.404,111.9355,24.567377674320767,18.11454583711989,74.4157614375711,20.263571428571428,191.90223320825368,31.96876679174632,106.37
2015-06-01,170.0,176.96,157.8,176.52,19.159999999999997,172.24,170.568,164.21285714285713,151.235,117.8865,25.55723311576571,19.603083292849057,76.91713219472285,19.987857142857138,198.50825291543794,37.264747084562075,115.57000000000001
2015-07-01,177.0,179.4,158.9,168.6,20.5,172.56,169.788,168.00142857142856,156.662,122.6285,25.409715491646892,20.764409732608627,67.15659270715283,20.439285714285713,203.47839113035036,41.778608869649645,85.89999999999999
2015-08-01,169.0,175.58,156.45,165.74,19.130000000000024,167.17000000000002,168.426,169.59714285714287,162.066,127.22850000000001,24.77642145005356,21.566812076097616,63.54563278055221,19.618571428571425,206.82572853546066,47.63127146453937,77.60000000000001
2015-09-01,165.9,169.19,118.0,137.9,51.19,151.82,163.344,164.65428571428575,162.173,130.42249999999999,21.777043822593782,21.60885842539685,41.4552947782077,22.135714285714283,206.05786902381357,54.787130976186404,24.010000000000005
2015-10-01,135.61,155.5,127.0,145.92,28.5,141.91,158.936,160.85,162.557,134.63899999999998,19.818704726178368,21.250827685553155,48.989308454741206,23.169999999999998,203.18794521818955,66.0900547818104,37.53999999999999
2015-11-01,146.96,155.94,141.73,151.82,14.210000000000008,148.87,153.996,159.20857142857145,162.282,139.1825,18.52919455404458,20.706501059251444,52.32621414621292,23.086428571428574,198.60480694914108,79.76019305085893,43.61
2015-12-01,151.73,157.96,144.03,153.3,13.930000000000007,152.56,150.936,157.1142857142857,160.36200000000002,142.7125,17.425798327397956,20.050360512880747,53.4609927183865,22.676428571428573,196.08726867939563,89.33773132060438,38.97000000000001
2016-01-01,153.0,154.52,133.71,145.23,20.810000000000002,149.265,146.834,152.6442857142857,157.63000000000002,145.56699999999998,15.718968824157457,19.18408217513609,47.06382186455392,22.12,192.35280490974458,98.7811950902554,33.52999999999999
2016-02-01,145.0,149.9,126.45,149.38,23.450000000000003,147.305,149.13,149.89857142857142,156.237,147.3415,14.53362982504703,18.25399170511828,50.88637817084327,22.975714285714286,191.69761737315497,102.98538262684501,12.549999999999983
2016-03-01,150.4,157.85,132.74,137.67,25.109999999999985,143.52499999999998,147.48000000000002,145.88857142857142,153.208,148.80599999999998,12.505188958791877,17.104231155853,40.966021318087726,23.26928571428572,189.53127646508915,108.08072353491082,-4.410000000000025
2016-04-01,138.8,175.12,138.35,172.91,36.77000000000001,155.29,151.698,150.89000000000001,152.84699999999998,152.041,13.584613477152743,16.400307620112947,63.166743225095374,23.857857142857142,189.32163355007248,114.76036644992752,18.340000000000003
2016-05-01,172.02,190.44,165.33,188.73,25.109999999999985,180.82,158.78400000000002,157.00571428571428,154.85999999999999,155.761,15.537500339376777,16.227746163965715,69.6238799258231,24.381428571428575,192.031800144992,119.490199855008,16.22999999999999
2016-06-01,189.8,209.0,181.28,206.39,27.72,197.56,171.016,164.80142857142854,158.925,160.4955,18.299249301639122,16.6420467915004,74.70395692636693,24.56142857142857,197.26670181824295,123.72429818175704,33.839999999999975
2016-07-01,206.4,223.0,201.14,221.3,21.860000000000014,213.845,185.4,174.5157142857143,167.265,164.719,21.443875989432854,17.602412631086892,78.44045948608252,24.817857142857147,208.73561977983053,120.70238022016946,57.99000000000001
2016-08-01,221.96,247.18,221.35,243.44,25.830000000000013,232.37,206.554,188.54571428571427,177.017,169.78699999999998,25.42939403839449,19.167808912548413,82.69285805203648,25.294285714285717,224.7965253378431,114.77747466215686,75.47999999999999
2016-09-01,244.0,275.0,240.68,272.56,34.31999999999999,258.0,226.484,206.14285714285714,189.09099999999998,175.6865,30.58512021306936,21.451271172652604,86.7133684305599,26.281428571428574,246.78077078108902,104.59222921891099,96.03999999999999
2016-10-01,273.3,290.0,231.2,250.85,58.80000000000001,261.705,238.908,222.3114285714286,198.84599999999998,179.60399999999998,32.544106586810955,23.669838255484276,71.62258253648187,29.115000000000006,258.1980130035365,101.00998699646344,82.25
2016-11-01,253.41,265.5,245.8,253.52,19.69999999999999,252.185,248.334,233.82714285714286,209.675,183.65249999999997,33.9210434142517,25.720079287237763,71.65047557489116,26.86571428571429,268.78626320145946,98.51873679854047,87.78
2016-12-01,255.0,262.72,219.1,234.28,43.62000000000003,243.9,250.93,240.3342857142857,218.16500000000002,187.201,33.07846066179931,27.19175556215007,59.03801850137441,27.945714285714285,274.6494367529025,99.75256324709747,96.38
2017-01-01,235.4,245.0,218.25,231.26,26.75,232.76999999999998,248.494,243.88714285714286,227.52399999999997,190.36599999999999,31.800443284102414,28.113493106540542,56.73554647284616,28.841428571428573,279.4490163741432,101.28298362585676,85.34
2017-02-01,231.98,284.31,226.3,279.1,58.00999999999999,255.18,249.802,252.14428571428567,238.14300000000003,195.495,34.25304570004812,29.34140362524206,71.38918929384776,31.990000000000002,292.6664180415754,98.32358195842457,127.28000000000003
2017-03-01,280.4,294.19,275.61,290.56,18.579999999999984,284.83000000000004,257.744,258.8757142857143,248.32600000000002,201.59300000000002,36.69844023447794,30.812810947089236,73.61273041716153,31.830714285714286,306.6455206190749,96.54047938092518,137.26
2017-04-01,290.6,311.57,283.6,309.82,27.96999999999997,300.19,269.004,264.1985714285714,258.669,208.79699999999997,39.73254204653006,32.596757166977405,77.43979375386735,32.153571428571425,322.87070287853874,94.72329712146119,164.59
2017-05-01,309.6,330.58,300.2,326.14,30.379999999999995,317.98,287.37600000000003,274.9542857142857,269.15299999999996,218.209,42.958775180798455,34.669160769741616,80.27976138380279,32.529999999999994,338.54373154846945,97.87426845153055,176.76
2017-06-01,326.0,330.3,275.15,286.38,55.150000000000034,306.26,298.4,279.6485714285714,273.447,225.23200000000003,41.82515413008798,36.10035944181089,59.55762357532215,33.84285714285714,344.18998578976533,106.27401421023472,148.71
2017-07-01,286.66,306.34,280.21,292.37,26.129999999999995,289.375,301.054,287.94714285714286,275.428,232.25950000000003,40.938184313946294,37.06792441623797,61.22211714874766,33.91571428571429,349.55152018444176,114.96747981555832,119.46000000000001
2017-08-01,293.04,372.0,290.78,361.96,81.22000000000003,327.16499999999996,315.33399999999995,306.61857142857144,286.539,242.69250000000002,45.3280719586906,38.7199539247285,75.35087599457479,37.737142857142864,367.3042361837839,118.08076381621609,173.23
2017-09-01,363.0,368.52,337.37,351.15,31.149999999999977,356.55499999999995,323.6,316.9114285714286,296.302,252.9885,47.38854721359064,40.45367258250093,70.27139345223026,38.40071428571429,377.7217656047343,128.25523439526572,144.76
2017-10-01,351.0,383.25,345.5,350.0,37.75,350.575,328.372,325.4028571428571,307.87399999999997,263.0195,48.371101362431546,42.03715833848705,69.81314822974394,39.25214285714286,384.9050645310501,141.13393546894991,128.7
2017-11-01,354.6,375.75,299.0,314.35,76.75,332.175,333.966,326.05,316.183,271.8535,45.74579647776352,42.77888596634235,53.58478658827069,42.28285714285715,380.36298389790466,163.34401610209534,70.91000000000003
2017-12-01,315.5,329.8,296.0,306.8,33.80000000000001,310.57500000000005,336.85200000000003,323.2871428571429,318.953,278.548,42.56533485612596,42.736175744299075,50.64845606272388,40.49714285714286,377.4504809651042,179.6455190348958,34.24000000000001
2018-01-01,307.2,319.0,300.65,315.05,18.350000000000023,310.925,327.47,327.3828571428571,321.402,284.864,40.24656481232307,42.238253557903874,53.31204148755528,40.400714285714294,375.3950232142037,194.33297678579623,64.20000000000002
2018-02-01,314.0,366.0,307.35,354.45,58.64999999999998,334.75,328.13,336.2514285714286,325.865,292.267,41.114234267322786,42.013449699787664,64.65429421375933,41.47428571428571,379.9486236163552,204.5853763836448,100.92999999999998
2018-03-01,355.0,366.5,304.65,322.25,61.85000000000002,338.35,322.58000000000004,330.5785714285715,325.476,297.3145,38.756833022467106,41.36212636432355,52.69502290580584,43.98142857142857,379.2277260961188,215.40127390388128,87.97
2018-04-01,320.7,325.8,285.1,304.9,40.69999999999999,313.575,320.69,323.9714285714286,327.32800000000003,300.3875,35.08414734034403,40.10653055952765,47.775671646731006,42.745,378.30466299682547,222.4703370031745,73.63999999999999
2018-05-01,305.0,368.75,303.3,362.05,65.44999999999999,333.475,331.74,325.6928571428571,334.29599999999994,304.86199999999997,36.365842064146875,39.358392860451495,62.399918058930176,46.09285714285715,386.25141030302325,223.47258969697666,82.94999999999999
2018-06-01,362.85,364.4,325.7,346.2,38.69999999999999,354.125,337.96999999999997,330.24285714285713,332.72,309.6295,35.69120582707899,38.624955453777,57.022731032783085,46.85928571428571,388.8388488567858,230.42015114321424,55.639999999999986
2018-07-01,348.0,350.1,327.35,339.6,22.75,342.9,335.0,334.92857142857144,331.565,313.9335,34.22941155784258,37.74584667459011,54.298930184743334,46.31428571428571,389.58024279696167,238.2867572030383,29.78000000000003
2018-08-01,340.0,393.35,332.45,367.9,60.900000000000034,353.75,344.13,342.4785714285714,333.355,320.6145,34.95160224083014,37.18699778783812,61.37054699893781,46.72500000000001,389.9823659034586,251.24663409654144,41.75999999999999
2018-09-01,369.95,404.0,338.0,343.4,66.0,355.65,351.83000000000004,340.90000000000003,336.26000000000005,326.2215,33.164696340141404,36.38253749829878,52.457816200981014,49.57285714285715,381.9703961514529,270.47260384854707,57.01999999999998
2018-10-01,347.2,350.0,166.15,183.45,183.85,263.42499999999995,316.11,321.07142857142856,323.925,321.439,18.62720942262007,32.83147188316304,25.79666044108643,56.90357142857143,404.11596373616896,238.76203626383108,-108.92000000000002
2018-11-01,180.0,268.45,168.6,188.05,99.85,185.75,284.48,304.37857142857143,311.225,316.3135,7.392116146241619,27.74360073577876,27.87593313770074,61.81071428571429,417.6542272573709,214.97277274262905,-173.90999999999997
2018-12-01,192.0,231.4,147.0,169.65,84.4,178.85000000000002,250.49,276.89285714285717,292.745,309.305,-2.962354268541958,21.602409734914616,25.579714458542114,65.14285714285714,430.0638850386988,188.54611496130119,-181.49999999999997
2019-01-01,174.0,194.3,160.2,181.75,34.10000000000002,175.7,213.26,253.4,278.695,302.0855,-10.07582990099587,15.266761807732518,27.95417380936638,62.09642857142858,435.2354366128284,168.9355633871717,-168.25
2019-02-01,182.85,236.3,181.15,194.3,55.150000000000006,188.025,183.44,232.6428571428571,267.635,297.4815,-14.53310192185296,9.306789061815422,31.67065838051049,63.621428571428574,439.0214639714975,155.94153602850244,-120.05000000000001
2019-03-01,197.0,236.9,167.65,231.2,69.25,212.75,192.98999999999998,213.1142857142857,254.55,294.423,-14.916057471848092,4.462219755082719,41.984814877308466,67.25714285714285,439.038233979507,149.80776602049298,-75.60000000000002
2019-04-01,234.6,281.3,228.8,275.05,52.5,253.125,210.39000000000001,203.35000000000005,247.435,290.0775,-11.548104612478483,1.2601548815704788,51.89453188145475,66.81785714285715,431.3319083150018,148.82309168499822,-40.0
2019-05-01,277.0,285.9,165.3,168.0,120.59999999999997,221.525,210.06000000000003,201.14285714285714,230.275,280.92,-17.317393915109392,-2.4553548777654957,33.89364981117028,71.0142857142857,429.08186525482745,132.75813474517255,-186.45
2019-06-01,163.3,178.05,133.05,147.95,45.0,157.975,203.3,195.41428571428568,208.27999999999997,270.8175,-23.23957335261096,-6.612198572734589,32.085198948178615,71.32142857142857,426.50914624515497,115.125853754845,-174.3
2019-07-01,147.95,153.8,98.75,108.7,55.05000000000001,128.325,186.18,186.70714285714286,184.81,260.53499999999997,-30.745673215581064,-11.438893501303884,27.72124382481138,70.57857142857144,430.6197346100424,90.45026538995748,-196.2
2019-08-01,109.6,110.6,81.75,91.3,28.849999999999994,100.0,158.2,173.78571428571428,175.595,249.76,-37.66417683226041,-16.68395016749519,25.831169251211634,69.875,434.2022048972756,65.31779510272443,-270.75
2019-09-01,89.2,92.4,53.15,59.5,39.25000000000001,75.4,115.09,154.52857142857144,162.74,236.98250000000002,-45.1921876221686,-22.385597658429873,22.906491218852807,71.05357142857143,437.1196615851703,36.84533841482971,-286.7
2019-10-01,59.5,72.55,40.95,41.45,31.599999999999994,50.475,89.78,127.42142857142858,149.92000000000002,221.33249999999998,-52.01507712853919,-28.311493552451736,21.221567941840945,68.96071428571427,431.49363686257163,11.171363137428358,-298.15000000000003
2019-11-01,42.0,76.65,29.05,70.45,47.60000000000001,55.95,74.28,98.19285714285715,138.79,208.74249999999998,-54.454491105000045,-33.5400930629614,30.516688743234468,67.64642857142857,423.5656176303453,-6.08061763034533,-297.45
2019-12-01,71.0,75.35,59.95,68.3,15.399999999999991,69.375,66.2,83.95,126.19000000000001,196.9125,-55.91665885174285,-38.01540622071769,30.127429278207487,55.614285714285714,415.46586304893617,-21.64086304893621,-275.09999999999997
2020-01-01,70.0,70.5,40.7,46.95,29.799999999999997,57.625,57.33,69.52142857142857,107.76499999999999,181.15749999999997,-58.128138894327776,-42.03795275543971,26.764512066418632,50.61071428571429,394.9652968028395,-32.65029680283956,-136.5
2020-02-01,46.9,48.5,36.55,39.2,11.950000000000003,43.075,53.27,59.59285714285715,84.17999999999999,165.8075,-59.816584638297996,-45.59367913201137,25.66046807951888,45.43571428571429,373.72493370107804,-42.10993370107806,-148.85000000000002
2020-03-01,39.1,40.7,33.6,34.55,7.100000000000001,36.875,51.89000000000001,51.48571428571428,70.83500000000001,150.555,-60.82871068114302,-48.640685441837704,24.958505122822586,43.50714285714286,349.3475681656505,-48.237568165650515,-135.10000000000002
2020-04-01,35.2,87.95,5.55,22.45,82.4,28.5,42.29,46.19285714285714,58.285000000000004,133.2825,-61.89372441065244,-51.291293235600655,22.93032498571253,45.45357142857142,311.5301464006425,-44.96514640064248,-159.3
2020-05-01,22.3,30.45,20.3,27.95,10.149999999999999,25.2,34.22,44.26428571428572,50.21,117.50999999999999,-61.58404884932051,-53.349844358344626,26.004845575957845,41.232142857142854,271.6720459810153,-36.652045981015306,-166.35000000000002
2020-06-01,27.8,31.6,25.2,26.85,6.400000000000002,27.4,30.2,38.035714285714285,43.765,109.67999999999999,-60.72736231153259,-54.82534794898223,25.805124954475446,37.93928571428571,265.63760017591835,-46.27760017591838,-204.35
2020-07-01,27.75,31.95,25.55,25.6,6.399999999999999,26.225,27.48,31.935714285714283,40.375,101.55749999999999,-59.46383454190919,-55.75304526756762,25.29776802436369,29.782142857142862,257.2503564598633,-54.13535645986333,-249.45000000000002
2020-08-01,25.6,28.3,11.1,11.95,17.200000000000003,18.775,22.96,26.935714285714287,37.425,93.6725,-58.88512948545885,-56.37946211114587,22.11287442287218,27.796428571428574,250.8118698365613,-63.466869836561315,-156.05
2020-09-01,12.0,17.16,11.85,14.37,5.3100000000000005,13.16,21.344,23.388571428571428,31.816999999999997,85.30350000000001,-57.567624048234684,-56.61709449856364,24.029000855727986,24.243571428571432,240.50872892371626,-69.90172892371623,-133.57999999999998
2020-10-01,14.3,15.34,12.75,13.15,2.59,13.76,18.384000000000004,20.33142857142857,26.302000000000003,76.24600000000001,-55.97667108119884,-56.48900981509068,23.70252542192216,22.367857142857144,225.70556966420895,-73.21356966420893,-95.55
2020-11-01,13.3,14.01,12.11,12.42,1.9000000000000004,12.785,15.498,18.898571428571426,22.849,65.307,-54.150520795558805,-56.021312011184314,23.42155330271366,19.7,198.1116097963391,-67.49760979633909,-78.88
